"id";"name";"pop2000";"pop2001";"pop2002";"pop2003";"pop2004";"pop2005";"pop2006";"pop2007";"pop2008";"pop2009"
10020;"Abbeville, LA Micropolitan Statistical Area";53966;53952;54223;54161;54368;54909;55313;55629;56068;56141
10100;"Aberdeen, SD Micropolitan Statistical Area";39735;39401;39116;39005;38931;38943;38886;39026;38991;39139
10140;"Aberdeen, WA Micropolitan Statistical Area";67149;68004;68313;69036;69634;70144;70854;71343;71447;71797
10220;"Ada, OK Micropolitan Statistical Area";35162;34917;35010;35146;35234;35439;35721;36411;36948;37422
10300;"Adrian, MI Micropolitan Statistical Area";99070;99573;100167;100466;100911;100939;101249;101184;100720;99837
10460;"Alamogordo, NM Micropolitan Statistical Area";62231;61403;61540;62293;63363;63322;62872;63306;63329;63201
10540;"Albany-Lebanon, OR Micropolitan Statistical Area";103015;103594;104645;106095;106894;108244;110923;113094;115369;116584
10620;"Albemarle, NC Micropolitan Statistical Area";58255;58596;58512;58433;58252;58434;58585;59183;59685;59794
10660;"Albert Lea, MN Micropolitan Statistical Area";32542;32430;31964;31885;31767;31479;31364;31235;30977;31002
10700;"Albertville, AL Micropolitan Statistical Area";82333;82191;82922;83592;84161;85298;86760;87970;89200;90399
10760;"Alexander City, AL Micropolitan Statistical Area";53586;53136;52486;52116;51761;51409;51576;51580;51644;51564
10820;"Alexandria, MN Micropolitan Statistical Area";32919;33248;33657;34166;34607;35160;35526;35970;36224;36390
10860;"Alice, TX Micropolitan Statistical Area";39375;39767;39939;40147;40504;40680;40683;41055;40963;41001
10880;"Allegan, MI Micropolitan Statistical Area";106048;107752;108798;109920;111153;111945;112414;112920;113355;113449
10940;"Alma, MI Micropolitan Statistical Area";42473;42463;42316;42336;42318;42149;42326;42388;42339;41948
10980;"Alpena, MI Micropolitan Statistical Area";31276;31126;30845;30638;30476;30162;29807;29732;29600;29289
11060;"Altus, OK Micropolitan Statistical Area";28254;27890;27347;27203;27181;26471;26241;25739;25336;25369
11140;"Americus, GA Micropolitan Statistical Area";37036;37004;36881;36786;36505;36304;36481;36685;36584;36409
11220;"Amsterdam, NY Micropolitan Statistical Area";49653;49336;49006;48938;48768;48634;48681;48606;48623;48616
11380;"Andrews, TX Micropolitan Statistical Area";12911;12769;12887;12816;12794;12743;12868;13144;13662;14057
11420;"Angola, IN Micropolitan Statistical Area";33316;33476;33350;33552;33413;33543;33591;33496;33513;33579
11580;"Arcadia, FL Micropolitan Statistical Area";32262;32603;32662;33531;34240;34258;34764;35096;35036;35297
11620;"Ardmore, OK Micropolitan Statistical Area";54418;54324;54680;54993;55547;55660;56028;56349;56813;57450
11660;"Arkadelphia, AR Micropolitan Statistical Area";23508;23654;23548;23294;23237;23209;23392;23684;23883;23835
11740;"Ashland, OH Micropolitan Statistical Area";52584;52823;53045;53454;53609;53958;54317;54810;54982;55044
11780;"Ashtabula, OH Micropolitan Statistical Area";102745;102665;102609;102473;102262;102051;101686;101400;100973;100767
11820;"Astoria, OR Micropolitan Statistical Area";35571;35542;35606;35778;36060;36447;36763;37088;37093;37243
11860;"Atchison, KS Micropolitan Statistical Area";16765;16792;16699;16688;16700;16567;16548;16447;16374;16411
11900;"Athens, OH Micropolitan Statistical Area";62323;62832;63055;63258;62475;63143;63136;62863;63199;63026
11940;"Athens, TN Micropolitan Statistical Area";49171;49786;50052;50278;50498;51092;51753;52115;52574;52739
11980;"Athens, TX Micropolitan Statistical Area";73540;74033;75046;76703;78224;78459;78923;78813;78757;78921
12140;"Auburn, IN Micropolitan Statistical Area";40400;40449;40621;40918;41169;41382;41494;41834;42023;42060
12180;"Auburn, NY Micropolitan Statistical Area";81925;81275;81240;81073;80843;80532;80225;79932;79755;79526
12300;"Augusta-Waterville, ME Micropolitan Statistical Area";117214;117967;118423;119139;119708;120259;120633;120751;121151;121090
12380;"Austin, MN Micropolitan Statistical Area";38673;38679;38498;38459;38534;38192;38139;38066;37985;38215
12460;"Bainbridge, GA Micropolitan Statistical Area";28245;27982;28079;28064;28125;27962;28377;28543;28754;28838
12660;"Baraboo, WI Micropolitan Statistical Area";55339;55394;55767;56222;56848;57356;57761;58327;58830;58922
12740;"Barre, VT Micropolitan Statistical Area";58091;58477;58768;58732;58766;58952;58911;58702;58677;58696
12780;"Bartlesville, OK Micropolitan Statistical Area";48977;48875;48988;48911;48890;48740;49058;49903;50556;50706
12820;"Bastrop, LA Micropolitan Statistical Area";30962;30631;30362;30263;29946;29418;29152;28588;28425;28223
12860;"Batavia, NY Micropolitan Statistical Area";60329;59892;59647;59506;59096;58701;58362;58159;57950;57868
12900;"Batesville, AR Micropolitan Statistical Area";34270;34162;34138;34119;34269;34277;34377;34516;34508;34634
13060;"Bay City, TX Micropolitan Statistical Area";37958;37912;37795;37832;37571;37320;36973;36732;37038;36978
13100;"Beatrice, NE Micropolitan Statistical Area";22975;23089;23112;23161;23188;23029;23068;23071;22852;22653
13180;"Beaver Dam, WI Micropolitan Statistical Area";86015;86290;86641;86879;87377;87224;87849;87735;87843;87335
13220;"Beckley, WV Micropolitan Statistical Area";79046;78329;78851;78587;78600;78526;78380;78607;78730;79187
13260;"Bedford, IN Micropolitan Statistical Area";45925;45939;45964;46022;45893;45962;45843;45953;45856;45842
13300;"Beeville, TX Micropolitan Statistical Area";32251;31815;31972;32852;32635;32439;32378;32437;32325;32487
13340;"Bellefontaine, OH Micropolitan Statistical Area";46016;45953;46225;46415;46454;46310;46197;46523;46537;46582
13420;"Bemidji, MN Micropolitan Statistical Area";39799;40418;41039;41620;42054;42653;43015;43237;43782;44350
13500;"Bennettsville, SC Micropolitan Statistical Area";28797;28547;28470;28276;28087;27578;28899;28911;28685;28783
13540;"Bennington, VT Micropolitan Statistical Area";36976;36899;36938;36798;36686;36481;36552;36439;36446;36411
13620;"Berlin, NH-VT Micropolitan Statistical Area";39599;39391;39355;39330;39254;39273;38955;38782;38376;37881
13660;"Big Rapids, MI Micropolitan Statistical Area";40655;40891;41417;41697;42070;42305;42160;41840;41800;41775
13700;"Big Spring, TX Micropolitan Statistical Area";33453;33029;32970;32599;32385;32034;31880;32167;32597;32940
13860;"Bishop, CA Micropolitan Statistical Area";17918;17945;18079;18127;17974;17737;17499;17438;17223;17293
13940;"Blackfoot, ID Micropolitan Statistical Area";41748;42033;42015;42403;42502;42909;43080;43459;44057;44668
14100;"Bloomsburg-Berwick, PA Micropolitan Statistical Area";82388;82516;82472;82550;82545;82459;82476;82543;82762;82826
14140;"Bluefield, WV-VA Micropolitan Statistical Area";107350;105826;105929;105750;105552;104989;105065;105407;106504;106828
14180;"Blytheville, AR Micropolitan Statistical Area";51827;50970;49877;48412;47603;47178;46736;46610;46760;46605
14220;"Bogalusa, LA Micropolitan Statistical Area";43890;43776;43767;43691;43748;43919;44017;45059;45554;45669
14300;"Bonham, TX Micropolitan Statistical Area";31342;31307;31588;32062;32247;32659;32870;32872;33018;32999
14340;"Boone, IA Micropolitan Statistical Area";26247;26210;26032;26123;26224;26311;26246;26297;26186;26072
14380;"Boone, NC Micropolitan Statistical Area";42808;43246;43413;43343;43187;43471;44227;44584;45421;45479
14420;"Borger, TX Micropolitan Statistical Area";23769;23176;23023;22603;22242;21902;21840;21716;21411;21538
14580;"Bozeman, MT Micropolitan Statistical Area";68369;70196;72000;74723;77439;80708;84498;87300;89812;90343
14620;"Bradford, PA Micropolitan Statistical Area";45780;45218;45346;44807;44345;43886;43964;43629;43436;43196
14660;"Brainerd, MN Micropolitan Statistical Area";82588;83743;85071;86177;87294;88396;89490;90247;91052;91257
14700;"Branson, MO Micropolitan Statistical Area";68677;69139;70243;71427;72484;73578;75463;77332;78769;79447
14780;"Brenham, TX Micropolitan Statistical Area";30420;30469;30735;30909;31187;31491;31893;32071;32412;32893
14820;"Brevard, NC Micropolitan Statistical Area";29342;29267;29378;29164;29228;29430;29684;29958;30155;30203
14940;"Brigham City, UT Micropolitan Statistical Area";42872;43632;44522;45229;45575;45938;46722;47863;49059;49902
15020;"Brookhaven, MS Micropolitan Statistical Area";33149;33164;33295;33344;33418;33645;34137;34313;34650;34830
15060;"Brookings, OR Micropolitan Statistical Area";21104;21097;21373;21490;21924;22064;21809;21507;21235;21148
15100;"Brookings, SD Micropolitan Statistical Area";28295;28356;28539;28605;28645;28559;29198;29517;29854;30056
15140;"Brownsville, TN Micropolitan Statistical Area";19819;19844;19547;19472;19590;19402;19299;19165;19030;18881
15220;"Brownwood, TX Micropolitan Statistical Area";37713;37624;37813;37629;37960;38197;38507;38229;38106;38088
15340;"Bucyrus, OH Micropolitan Statistical Area";46881;46512;46173;45722;45490;45159;44460;44147;43738;43403
15420;"Burley, ID Micropolitan Statistical Area";41484;41001;40733;40361;39846;39569;39358;39634;40284;40924
15460;"Burlington, IA-IL Micropolitan Statistical Area";50493;50098;49410;49096;48657;48333;48055;48185;48266;48412
15580;"Butte-Silver Bow, MT Micropolitan Statistical Area";34520;33717;33351;33052;32869;32737;32646;32590;32776;32949
15620;"Cadillac, MI Micropolitan Statistical Area";45068;45282;45588;46091;46325;46617;46623;46662;46662;46391
15660;"Calhoun, GA Micropolitan Statistical Area";44388;45560;46568;47550;48653;49608;50931;52005;52964;53292
15700;"Cambridge, MD Micropolitan Statistical Area";30586;30600;30428;30460;30847;31110;31299;31762;32017;32043
15740;"Cambridge, OH Micropolitan Statistical Area";40792;40832;40952;41048;40852;40606;40433;40384;40182;40054
15780;"Camden, AR Micropolitan Statistical Area";34402;33629;33212;32882;32359;32161;31807;31496;31042;30628
15820;"Campbellsville, KY Micropolitan Statistical Area";22917;22961;23373;23409;23554;23767;23980;24093;24253;24420
15860;"Caü¾Œ–˜¼on City, CO Micropolitan Statistical Area";46277;46747;47197;47108;46858;46930;47203;47340;47677;47815
15900;"Canton, IL Micropolitan Statistical Area";38240;37847;37488;37516;37372;37121;36984;36831;36714;36652
16060;"Carbondale, IL Micropolitan Statistical Area";59612;59354;58577;58750;58711;59095;59064;58216;58151;58103
16100;"Carlsbad-Artesia, NM Micropolitan Statistical Area";51419;50697;50838;50746;50856;50236;50770;51256;51774;52706
16260;"Cedar City, UT Micropolitan Statistical Area";33989;34724;35648;36061;37030;39298;41703;43283;44194;45280
16340;"Cedartown, GA Micropolitan Statistical Area";38258;38783;39409;39616;39950;40300;40946;41447;42081;42298
16380;"Celina, OH Micropolitan Statistical Area";40908;40786;40774;40712;40726;40755;40814;40809;40760;40666
16420;"Central City, KY Micropolitan Statistical Area";31796;31755;31598;31505;31523;31458;31429;31450;31279;31274
16460;"Centralia, IL Micropolitan Statistical Area";41687;41365;40893;40454;40035;39688;39736;39584;39422;39008
16500;"Centralia, WA Micropolitan Statistical Area";68618;68899;69349;70146;70722;71661;72833;73699;74362;74741
16540;"Chambersburg, PA Micropolitan Statistical Area";129538;130160;131257;132441;134274;137012;139978;142008;143787;144994
16660;"Charleston-Mattoon, IL Micropolitan Statistical Area";64334;63458;63064;63249;63276;62879;63094;63065;62914;62781
16900;"Chester, SC Micropolitan Statistical Area";34111;33938;33873;33606;33240;32887;32658;32645;32732;32410
17060;"Chillicothe, OH Micropolitan Statistical Area";73448;73590;73895;74303;74326;74800;75316;75927;76129;75972
17200;"Claremont, NH Micropolitan Statistical Area";40552;40867;41184;41721;42059;42290;42653;42755;42813;42692
17220;"Clarksburg, WV Micropolitan Statistical Area";92055;91396;91227;91117;91192;91344;91554;91502;92099;92441
17260;"Clarksdale, MS Micropolitan Statistical Area";30550;30275;29846;29295;28828;28265;27915;27553;27184;26936
17340;"Clearlake, CA Micropolitan Statistical Area";58551;60321;61674;62692;63390;64143;64623;64644;65092;65279
17380;"Cleveland, MS Micropolitan Statistical Area";40470;40062;39207;38824;38260;37567;37614;37384;36997;36766
17500;"Clewiston, FL Micropolitan Statistical Area";36326;36173;36248;36424;37221;38521;39106;39399;39602;39594
17540;"Clinton, IA Micropolitan Statistical Area";50045;49845;49614;49487;49380;49299;49264;49084;49062;48934
17580;"Clovis, NM Micropolitan Statistical Area";44901;44656;44711;45051;45855;45951;45660;45108;43806;44407
17700;"Coffeyville, KS Micropolitan Statistical Area";36205;35750;35154;34648;34493;34212;34265;34402;34277;34254
17740;"Coldwater, MI Micropolitan Statistical Area";45874;46022;46535;46459;46506;46354;46326;46253;45780;44737
17940;"Columbia, TN Micropolitan Statistical Area";69694;70161;71265;72754;74235;75639;77860;80420;82727;84302
18060;"Columbus, MS Micropolitan Statistical Area";61503;60971;60689;60228;59942;59481;59606;59525;59225;59658
18100;"Columbus, NE Micropolitan Statistical Area";31518;31391;31059;30911;30867;31121;31415;31805;32001;32515
18180;"Concord, NH Micropolitan Statistical Area";136648;138635;141466;143278;144745;146275;147871;148584;148979;149071
18220;"Connersville, IN Micropolitan Statistical Area";25556;25251;25061;24882;24750;24581;24369;24277;24236;24101
18260;"Cookeville, TN Micropolitan Statistical Area";93708;94524;95507;96175;97464;98543;100393;101726;103224;104366
18300;"Coos Bay, OR Micropolitan Statistical Area";62668;62161;62234;62525;63063;63636;63602;63149;62970;62795
18340;"Corbin, KY Micropolitan Statistical Area";35970;36444;36669;36975;37321;37688;37860;38282;38643;38813
18380;"Cordele, GA Micropolitan Statistical Area";21971;22025;21993;21755;21778;21774;21914;22179;22233;22210
18420;"Corinth, MS Micropolitan Statistical Area";34606;34652;34746;34706;34961;35075;35433;35758;35825;35822
18460;"Cornelia, GA Micropolitan Statistical Area";36123;36990;37555;38188;38668;39323;40873;42164;42975;43613
18500;"Corning, NY Micropolitan Statistical Area";98776;98935;98996;98253;97735;97287;96648;96430;96452;96552
18620;"Corsicana, TX Micropolitan Statistical Area";45312;45994;46631;47036;47692;48159;48782;48818;49034;49440
18660;"Cortland, NY Micropolitan Statistical Area";48571;48601;48410;48802;48780;48315;48279;48313;48131;47996
18740;"Coshocton, OH Micropolitan Statistical Area";36691;36817;36858;36842;36843;36648;36497;36247;35917;35767
18820;"Crawfordsville, IN Micropolitan Statistical Area";37603;37774;37745;37498;37595;37848;37735;37840;37857;37862
18860;"Crescent City, CA Micropolitan Statistical Area";27471;27341;27485;27722;28085;28471;28441;28746;28873;29114
18900;"Crossville, TN Micropolitan Statistical Area";47024;47694;48597;49090;49888;50859;52263;53264;53765;54109
18940;"Crowley, LA Micropolitan Statistical Area";58817;58729;58799;58740;58620;58750;59585;59715;59936;60095
18980;"Cullman, AL Micropolitan Statistical Area";77580;77661;77814;78110;78711;79382;79871;80602;81518;81778
19020;"Culpeper, VA Micropolitan Statistical Area";34471;35326;36663;38157;39729;41956;44174;45719;46264;46502
19220;"Danville, KY Micropolitan Statistical Area";51167;51423;51693;52060;52810;53445;53804;54078;54189;54435
19300;"Daphne-Fairhope-Foley, AL Micropolitan Statistical Area";141358;144988;148141;151707;156573;162564;168516;172815;176212;179878
19540;"Decatur, IN Micropolitan Statistical Area";33612;33563;33516;33699;33758;33779;33788;33847;34105;34256
19580;"Defiance, OH Micropolitan Statistical Area";39452;39367;39124;38916;38739;38574;38579;38470;38524;38432
19620;"Del Rio, TX Micropolitan Statistical Area";45023;45110;45480;46298;46927;47033;47241;47521;47705;48165
19700;"Deming, NM Micropolitan Statistical Area";24989;24862;25085;25397;25655;26134;26545;26800;27095;27044
19760;"DeRidder, LA Micropolitan Statistical Area";33025;33061;33078;33313;33705;34225;34624;34775;35099;35419
19860;"Dickinson, ND Micropolitan Statistical Area";23430;23241;23012;22917;22886;22888;22855;23189;23315;23674
19900;"Dillon, SC Micropolitan Statistical Area";30675;30881;30791;30771;30817;30711;30748;30735;30778;30912
19940;"Dixon, IL Micropolitan Statistical Area";36053;35913;35477;35096;35072;34863;34963;35150;35075;34919
19980;"Dodge City, KS Micropolitan Statistical Area";32574;32284;32150;32505;32555;32706;32443;32649;32710;33692
20060;"Douglas, GA Micropolitan Statistical Area";45176;45821;46234;46679;46728;47121;47930;48518;48940;49098
20140;"Dublin, GA Micropolitan Statistical Area";53515;53616;54527;55116;55265;55522;56128;56894;57421;57595
20180;"DuBois, PA Micropolitan Statistical Area";83368;82973;82960;82467;82142;81943;82673;82895;82574;82324
20300;"Dumas, TX Micropolitan Statistical Area";20102;20172;19947;19906;19980;19809;19969;19816;20200;20736
20340;"Duncan, OK Micropolitan Statistical Area";43072;42623;42460;42255;42446;42544;42751;43148;43351;43487
20380;"Dunn, NC Micropolitan Statistical Area";91414;93552;96526;98292;100220;102715;105318;108606;112025;115761
20420;"Durango, CO Micropolitan Statistical Area";44221;45103;45979;46258;46905;47792;48834;49668;50633;51464
20460;"Durant, OK Micropolitan Statistical Area";36597;36462;36768;36872;37367;37658;38956;39474;40463;40783
20540;"Dyersburg, TN Micropolitan Statistical Area";37320;37108;37068;37161;37291;37586;37689;37680;37722;37811
20580;"Eagle Pass, TX Micropolitan Statistical Area";47357;47561;48315;48959;49408;49852;50615;50999;51833;53203
20620;"East Liverpool-Salem, OH Micropolitan Statistical Area";112093;111395;111061;110824;110395;109481;109319;108785;108106;107722
20660;"Easton, MD Micropolitan Statistical Area";33890;34103;34360;34563;35201;35657;36063;36077;36112;36262
20700;"East Stroudsburg, PA Micropolitan Statistical Area";139771;143560;148277;152999;156762;160169;162891;164670;165540;166355
20780;"Edwards, CO Micropolitan Statistical Area";49819;51220;52296;53003;54014;55372;56778;58422;60018;61699
20820;"Effingham, IL Micropolitan Statistical Area";34260;34358;34309;34422;34520;34384;34315;34246;34274;34424
20900;"El Campo, TX Micropolitan Statistical Area";41228;41007;40937;41005;40954;40923;41009;40801;40863;41000
20980;"El Dorado, AR Micropolitan Statistical Area";45572;45047;45021;44602;44151;43605;43460;42933;43005;42782
21020;"Elizabeth City, NC Micropolitan Statistical Area";53220;53446;54368;55421;56875;58940;60855;62694;63846;64042
21120;"Elk City, OK Micropolitan Statistical Area";19744;19778;19849;19205;18164;18630;19315;20787;21494;21116
21220;"Elko, NV Micropolitan Statistical Area";46863;46622;45640;44934;44964;45801;47170;48529;48783;49603
21260;"Ellensburg, WA Micropolitan Statistical Area";33511;33894;34777;35424;36545;37015;38057;38384;39151;39532
21380;"Emporia, KS Micropolitan Statistical Area";38994;38986;38769;38687;38867;38689;38535;38569;38139;36399
21420;"Enid, OK Micropolitan Statistical Area";57690;57181;57115;57149;57169;56940;57145;57434;58053;58928
21460;"Enterprise-Ozark, AL Micropolitan Statistical Area";92608;92582;92829;93238;93403;93478;93677;95069;96173;96782
21540;"Escanaba, MI Micropolitan Statistical Area";38547;38336;38252;38060;37995;37813;37703;37387;37243;36918
21580;"Espanola, NM Micropolitan Statistical Area";41245;40991;40902;40643;40638;40546;40758;40778;40609;40678
21640;"Eufaula, AL-GA Micropolitan Statistical Area";31638;31852;31873;32006;31978;32051;32197;32385;32521;32396
21700;"Eureka-Arcata-Fortuna, CA Micropolitan Statistical Area";126403;127002;127779;128219;128694;128943;129033;128564;128852;129623
21740;"Evanston, WY Micropolitan Statistical Area";19662;19406;19567;19440;19419;19431;19631;20071;20537;20927
21860;"Fairmont, MN Micropolitan Statistical Area";21772;21425;21202;20993;20847;20714;20492;20406;20383;20245
21900;"Fairmont, WV Micropolitan Statistical Area";56504;56162;56160;56273;56213;56377;56485;56732;56538;56706
21980;"Fallon, NV Micropolitan Statistical Area";24008;24316;24088;24047;24117;24460;24624;24733;24808;24897
22060;"Faribault-Northfield, MN Micropolitan Statistical Area";56812;57717;58399;59232;59933;60544;61492;61985;62583;62723
22100;"Farmington, MO Micropolitan Statistical Area";55743;56090;56549;57693;60320;61620;62110;62740;63314;63884
22260;"Fergus Falls, MN Micropolitan Statistical Area";57151;57080;57165;57302;57246;56967;57135;56973;56895;56588
22280;"Fernley, NV Micropolitan Statistical Area";34841;36129;37764;39890;42846;46607;50289;52305;52813;52641
22300;"Findlay, OH Micropolitan Statistical Area";71329;71940;72528;72931;73289;73266;73791;74328;74367;74538
22340;"Fitzgerald, GA Micropolitan Statistical Area";27432;27288;27130;27073;26768;27320;27732;27691;27968;27653
22580;"Forest City, NC Micropolitan Statistical Area";62962;63155;62969;63042;62819;62779;63033;63103;63436;63415
22620;"Forrest City, AR Micropolitan Statistical Area";29284;28830;28544;28453;27930;27447;27095;26788;26260;26255
22700;"Fort Dodge, IA Micropolitan Statistical Area";40195;40037;39672;39372;38930;38574;38550;38448;38372;38346
22780;"Fort Leonard Wood, MO Micropolitan Statistical Area";41712;42867;43791;44586;44101;43929;43871;44402;44760;46457
22800;"Fort Madison-Keokuk, IA-MO Micropolitan Statistical Area";45309;44819;44224;43746;43616;43320;43189;43023;42644;42574
22820;"Fort Morgan, CO Micropolitan Statistical Area";27256;27281;27499;27634;27607;27567;27639;27552;27540;27850
22840;"Fort Payne, AL Micropolitan Statistical Area";64638;65519;65545;66009;66574;66920;67447;68275;68894;69380
22860;"Fort Polk South, LA Micropolitan Statistical Area";52522;52233;51533;51143;50219;50262;48467;47171;44857;46616
22980;"Fort Valley, GA Micropolitan Statistical Area";23833;23966;24197;24407;24566;24460;25169;26184;27036;27247
23140;"Frankfort, IN Micropolitan Statistical Area";33968;33953;33873;33732;33800;33800;33981;33988;34271;34367
23180;"Frankfort, KY Micropolitan Statistical Area";67032;67574;67613;67736;68246;68597;69228;69874;70485;70758
23240;"Fredericksburg, TX Micropolitan Statistical Area";20911;21092;21543;22032;22321;22664;23242;23484;23872;24180
23300;"Freeport, IL Micropolitan Statistical Area";48882;48443;48034;47996;47822;47290;46957;46723;46598;46537
23340;"Fremont, NE Micropolitan Statistical Area";36220;36024;35828;35818;35787;35832;35881;35857;35662;35640
23380;"Fremont, OH Micropolitan Statistical Area";61810;61684;61695;61409;61436;61232;60994;60735;60265;60071
23500;"Gaffney, SC Micropolitan Statistical Area";52665;52990;53333;53266;53427;53522;53860;54151;54629;54714
23620;"Gainesville, TX Micropolitan Statistical Area";36462;36898;37457;37685;37918;38251;38366;38422;38430;38650
23660;"Galesburg, IL Micropolitan Statistical Area";74437;73612;72977;72053;71048;70433;69939;69523;69189;69057
23700;"Gallup, NM Micropolitan Statistical Area";74586;74436;72921;71543;71490;70624;70482;69899;70423;70513
23780;"Garden City, KS Micropolitan Statistical Area";40602;40674;40155;40043;40547;40518;40713;40782;40925;42074
23820;"Gardnerville Ranchos, NV Micropolitan Statistical Area";41429;42145;43070;43942;45591;45731;45661;45775;45741;45464
23860;"Georgetown, SC Micropolitan Statistical Area";56041;56788;57686;58378;59176;59525;59841;60354;60753;60703
23900;"Gettysburg, PA Micropolitan Statistical Area";91594;92821;94242;95841;97718;99081;100465;101241;101943;102323
23940;"Gillette, WY Micropolitan Statistical Area";33937;34526;35869;36086;36260;37061;38487;40462;41474;43967
23980;"Glasgow, KY Micropolitan Statistical Area";48138;48550;48567;48944;49369;50099;50614;51231;51588;51810
24100;"Gloversville, NY Micropolitan Statistical Area";55006;54866;54874;54881;54976;54969;54937;55075;55122;55053
24180;"Granbury, TX Micropolitan Statistical Area";48298;49558;50727;51992;53077;54277;55976;57078;58630;59493
24260;"Grand Island, NE Micropolitan Statistical Area";68211;67929;68092;68397;68660;68571;69007;69429;70400;71596
24380;"Grants, NM Micropolitan Statistical Area";25644;26632;26695;26984;27179;27178;26978;27209;27200;27036
24420;"Grants Pass, OR Micropolitan Statistical Area";75839;76304;77413;78285;79080;79834;80632;80693;81174;81026
24460;"Great Bend, KS Micropolitan Statistical Area";28129;27904;27861;27777;27738;27880;27727;27694;27505;27464
24620;"Greeneville, TN Micropolitan Statistical Area";63035;63272;63426;63665;64159;64874;65391;65855;66090;66282
24700;"Greensburg, IN Micropolitan Statistical Area";24571;24516;24656;24739;24936;25030;25064;25038;25117;25079
24740;"Greenville, MS Micropolitan Statistical Area";62685;61654;60359;59160;58230;57626;56390;55482;54941;54616
24820;"Greenville, OH Micropolitan Statistical Area";53292;53030;52833;52873;52808;52639;52342;52198;51988;51814
24900;"Greenwood, MS Micropolitan Statistical Area";48606;47704;46927;45571;46161;45545;45405;45417;45463;44841
24940;"Greenwood, SC Micropolitan Statistical Area";66293;66594;67055;67368;67370;67756;68205;68438;69087;69671
24980;"Grenada, MS Micropolitan Statistical Area";23191;23041;22936;22755;22680;22726;23035;23112;23093;23046
25100;"Guymon, OK Micropolitan Statistical Area";20203;20113;20014;19847;20198;20021;20096;20151;20573;21135
25220;"Hammond, LA Micropolitan Statistical Area";100826;101614;102303;103360;104745;106221;113119;115701;117417;118688
25300;"Hannibal, MO Micropolitan Statistical Area";37962;37734;37641;37738;37593;37803;37958;37866;37953;38083
25340;"Harriman, TN Micropolitan Statistical Area";51939;52044;52094;52404;52624;52556;53084;53309;53473;53508
25380;"Harrisburg, IL Micropolitan Statistical Area";26631;26370;26269;26112;26128;25961;25996;26008;25826;25738
25460;"Harrison, AR Micropolitan Statistical Area";42698;42776;42938;43068;43278;43789;44336;44966;45157;45012
25580;"Hastings, NE Micropolitan Statistical Area";38178;38500;38532;38884;39286;39403;39250;39189;39419;39529
25660;"Havre, MT Micropolitan Statistical Area";16628;16464;16292;16195;16206;16201;16393;16492;16453;16632
25700;"Hays, KS Micropolitan Statistical Area";27455;27531;27407;27302;27184;27080;27228;27238;27477;27739
25720;"Heber, UT Micropolitan Statistical Area";15417;16090;16735;17382;17827;18726;19891;20395;20976;21600
25740;"Helena, MT Micropolitan Statistical Area";65955;66314;66364;67196;68297;68896;69918;71258;72444;73412
25760;"Helena-West Helena, AR Micropolitan Statistical Area";26268;25661;24772;24088;23618;23260;22458;21915;21458;20921
25780;"Henderson, NC Micropolitan Statistical Area";43123;43655;43537;43247;43066;42871;43067;42950;42990;43056
25820;"Hereford, TX Micropolitan Statistical Area";18492;18294;18259;18171;18311;18294;18253;18339;18420;18353
25900;"Hilo, HI Micropolitan Statistical Area";149095;150881;153170;156340;160170;164887;169540;173190;176399;177835
25940;"Hilton Head Island-Beaufort, SC Micropolitan Statistical Area";142784;145678;149420;151934;155960;160766;165952;170181;174910;178436
26020;"Hobbs, NM Micropolitan Statistical Area";55155;54865;55422;55295;55699;56109;56867;57952;59129;60232
26140;"Homosassa Springs, FL Micropolitan Statistical Area";118639;121081;123243;125757;129208;132947;136796;139838;140865;140357
26220;"Hood River, OR Micropolitan Statistical Area";20472;20396;20597;20582;20783;20946;21111;21169;21469;21883
26260;"Hope, AR Micropolitan Statistical Area";33480;33120;32950;32828;32695;32627;32611;32543;32118;32191
26340;"Houghton, MI Micropolitan Statistical Area";38260;37847;37894;37598;37787;37628;37159;37171;37594;37638
26460;"Hudson, NY Micropolitan Statistical Area";63055;62808;62847;62782;62933;62839;62383;62284;61961;61618
26480;"Humboldt, TN Micropolitan Statistical Area";48154;47999;47908;47690;47792;47856;48022;48435;49148;49468
26500;"Huntingdon, PA Micropolitan Statistical Area";45608;45556;45633;45666;45608;45537;45417;45530;45515;45395
26540;"Huntington, IN Micropolitan Statistical Area";38099;37975;38152;38071;38045;37975;38003;37917;37777;37777
26660;"Huntsville, TX Micropolitan Statistical Area";61745;62220;61656;62762;63446;64330;63953;63686;63554;64119
26700;"Huron, SD Micropolitan Statistical Area";16983;16806;16522;16154;15921;15754;15501;15760;15946;16266
26740;"Hutchinson, KS Micropolitan Statistical Area";64691;64467;63961;63667;63363;63256;63215;63015;63227;63357
26780;"Hutchinson, MN Micropolitan Statistical Area";34863;35175;35459;35588;35993;36331;36854;37132;37141;36939
26860;"Indiana, PA Micropolitan Statistical Area";89533;89167;88879;88884;88418;87956;87745;87439;87557;87450
26940;"Indianola, MS Micropolitan Statistical Area";34232;33954;33520;33187;32053;31349;30985;30962;30116;29610
27020;"Iron Mountain, MI-WI Micropolitan Statistical Area";32569;32242;32205;32034;32289;32075;31959;31834;31503;31245
27220;"Jackson, WY-ID Micropolitan Statistical Area";24467;24997;25460;25896;26442;26821;27512;28491;29573;30047
27300;"Jacksonville, IL Micropolitan Statistical Area";42156;41804;41516;41387;41346;40995;40683;40579;40346;40090
27380;"Jacksonville, TX Micropolitan Statistical Area";46712;46722;46671;47121;47384;47577;47803;48118;48235;48473
27420;"Jamestown, ND Micropolitan Statistical Area";21841;21560;21367;21113;20873;20766;20732;20449;20340;20463
27460;"Jamestown-Dunkirk-Fredonia, NY Micropolitan Statistical Area";139659;138594;137989;136904;136273;134998;134279;134014;133595;133503
27540;"Jasper, IN Micropolitan Statistical Area";52515;52746;52817;52964;53335;53355;53699;53819;53965;53678
27660;"Jennings, LA Micropolitan Statistical Area";31398;31098;30946;30871;30820;30896;31177;31037;31100;31097
27700;"Jesup, GA Micropolitan Statistical Area";26591;26845;27207;27679;27990;28263;28568;28996;29535;29407
27940;"Juneau, AK Micropolitan Statistical Area";30668;30480;30717;30892;30978;30872;30681;30544;30991;30796
27980;"Kahului-Wailuku, HI Micropolitan Statistical Area";128754;131349;132672;134742;137017;139012;140407;141930;144378;145157
28060;"Kalispell, MT Micropolitan Statistical Area";74710;75997;77284;79167;80635;82535;84824;87200;89104;89624
28180;"Kapaa, HI Micropolitan Statistical Area";58511;58748;59466;60061;61070;61759;62079;62922;63875;64529
28260;"Kearney, NE Micropolitan Statistical Area";49227;49250;49706;49979;50420;50661;51052;51460;51692;52274
28300;"Keene, NH Micropolitan Statistical Area";73984;74383;75016;76008;76546;76830;77369;77445;77182;77045
28340;"Kendallville, IN Micropolitan Statistical Area";46473;47007;46843;46896;47057;47399;47637;47695;47886;48028
28380;"Kennett, MO Micropolitan Statistical Area";33108;32873;32639;32373;31974;32023;31733;31518;31326;31039
28500;"Kerrville, TX Micropolitan Statistical Area";43826;44206;44654;44897;45571;46169;47082;47488;47928;48381
28540;"Ketchikan, AK Micropolitan Statistical Area";13983;13743;13540;13266;13122;13150;13302;13124;13081;13005
28580;"Key West, FL Micropolitan Statistical Area";79483;79105;78963;78880;77901;76135;74104;73420;73298;73165
28620;"Kill Devil Hills, NC Micropolitan Statistical Area";30176;30908;32034;32885;33454;33659;33856;34019;34052;34296
28780;"Kingsville, TX Micropolitan Statistical Area";31929;31550;31614;31519;31313;31111;30892;31025;31112;31016
28820;"Kinston, NC Micropolitan Statistical Area";59497;58999;58526;58027;57611;57385;57053;56657;56674;56387
28860;"Kirksville, MO Micropolitan Statistical Area";29129;29063;29145;28943;28938;28678;28741;28715;29121;29279
28900;"Klamath Falls, OR Micropolitan Statistical Area";63893;64110;64097;64549;64753;65402;66095;66562;66543;66247
28980;"Kodiak, AK Micropolitan Statistical Area";13966;13717;13629;13303;13178;13050;13093;13074;13170;13346
29060;"Laconia, NH Micropolitan Statistical Area";56584;57850;58993;59964;60756;60962;60885;61027;61276;61358
29220;"La Follette, TN Micropolitan Statistical Area";39861;39805;39839;39960;40387;40412;40505;40562;40781;40970
29260;"La Grande, OR Micropolitan Statistical Area";24544;24349;24470;24472;24327;24456;24479;25061;25073;25038
29300;"LaGrange, GA Micropolitan Statistical Area";58892;59617;59828;60162;61205;62245;62656;63398;64119;64653
29380;"Lake City, FL Micropolitan Statistical Area";56726;57340;58333;59898;61457;63916;66975;67927;68901;69264
29500;"Lamesa, TX Micropolitan Statistical Area";14941;14854;14411;14325;14011;14030;13925;13806;13735;13657
29580;"Lancaster, SC Micropolitan Statistical Area";61395;63100;64857;66502;68167;69763;71723;73498;75872;77767
29660;"Laramie, WY Micropolitan Statistical Area";31914;32209;32275;32484;32752;32610;32757;32479;33099;33979
29780;"Las Vegas, NM Micropolitan Statistical Area";30071;29698;29482;29169;29093;29051;28727;28506;28394;28323
29860;"Laurel, MS Micropolitan Statistical Area";83130;83180;83149;83033;83375;83726;84301;84804;85558;85716
29900;"Laurinburg, NC Micropolitan Statistical Area";36008;35939;35527;35489;36479;36403;36366;36427;36480;36292
29980;"Lawrenceburg, TN Micropolitan Statistical Area";39961;39993;40492;40464;40484;40641;40595;40884;41060;41314
30060;"Lebanon, MO Micropolitan Statistical Area";32589;32881;32849;33118;33469;34176;34869;35276;35478;35432
30100;"Lebanon, NH-VT Micropolitan Statistical Area";167587;168032;168846;169694;170532;170911;171472;171519;171977;171739
30220;"Levelland, TX Micropolitan Statistical Area";22656;22571;22575;22676;22564;22636;22385;22224;22278;22272
30260;"Lewisburg, PA Micropolitan Statistical Area";41647;41949;42037;42056;42532;42753;43594;43589;43626;43560
30280;"Lewisburg, TN Micropolitan Statistical Area";26880;27132;27291;27427;27776;28093;28716;29382;30015;30279
30380;"Lewistown, PA Micropolitan Statistical Area";46491;46473;46416;46172;45987;45954;45934;46007;45973;45937
30420;"Lexington, NE Micropolitan Statistical Area";26558;26519;26373;26479;26459;26481;26718;26738;26745;26920
30500;"Lexington Park, MD Micropolitan Statistical Area";86521;87468;89897;92664;94959;96982;98653;100401;101664;102999
30580;"Liberal, KS Micropolitan Statistical Area";22545;22518;22702;22688;22623;22449;22396;22637;22747;23013
30660;"Lincoln, IL Micropolitan Statistical Area";31149;30880;30713;30486;30452;30211;29938;29880;29907;29776
30740;"Lincolnton, NC Micropolitan Statistical Area";64107;65153;66046;66878;67543;68967;71049;72838;74742;76043
30820;"Lock Haven, PA Micropolitan Statistical Area";37915;37706;37521;37384;37227;37169;37230;37125;36992;36797
30900;"Logansport, IN Micropolitan Statistical Area";40965;40918;40380;40182;39958;39680;39312;39116;39144;39065
30940;"London, KY Micropolitan Statistical Area";52918;53532;54297;55096;55455;56007;56697;57278;57385;57749
31060;"Los Alamos, NM Micropolitan Statistical Area";18275;17661;18148;18524;18573;18594;18703;18546;18240;18074
31260;"Lufkin, TX Micropolitan Statistical Area";80245;79983;80263;80662;80926;81126;82097;82585;82841;83675
31300;"Lumberton, NC Micropolitan Statistical Area";123356;123573;123945;124463;124561;125885;126509;127782;128696;129559
31380;"Macomb, IL Micropolitan Statistical Area";32855;32800;32813;33001;32838;32930;32968;33080;32787;32770
31500;"Madison, IN Micropolitan Statistical Area";31728;31941;31972;31911;31981;32222;32554;32430;32926;33010
31580;"Madisonville, KY Micropolitan Statistical Area";46457;46076;46222;46402;46407;46190;46192;46257;46364;46167
31620;"Magnolia, AR Micropolitan Statistical Area";25564;25311;25171;24815;24791;24572;24622;24308;24104;23854
31660;"Malone, NY Micropolitan Statistical Area";51049;50787;50558;50654;50427;50305;50371;50482;50440;50274
31820;"Manitowoc, WI Micropolitan Statistical Area";82923;82641;82049;81539;81222;81018;80908;80829;80670;80583
31940;"Marinette, WI-MI Micropolitan Statistical Area";68723;68366;68176;67938;67625;67518;66785;66434;66309;65937
31980;"Marion, IN Micropolitan Statistical Area";73286;72730;72087;71585;70798;69955;69435;68864;68965;68796
32020;"Marion, OH Micropolitan Statistical Area";66151;66004;65878;65900;65738;65712;65465;65504;65629;65655
32060;"Marion-Herrin, IL Micropolitan Statistical Area";61265;61736;62089;62315;63064;63493;63543;64248;64605;65169
32100;"Marquette, MI Micropolitan Statistical Area";64597;64616;64751;64623;65063;65029;65129;65165;65462;65703
32140;"Marshall, MN Micropolitan Statistical Area";25439;25392;25014;24809;24631;24756;24841;24845;25032;25074
32180;"Marshall, MO Micropolitan Statistical Area";23742;23404;22963;22869;22947;22862;22759;22710;22595;22821
32220;"Marshall, TX Micropolitan Statistical Area";62057;62290;62003;61836;62371;62476;63294;63299;63775;64795
32260;"Marshalltown, IA Micropolitan Statistical Area";39317;39274;39033;39033;39227;39020;38877;39075;39236;39259
32270;"Marshfield-Wisconsin Rapids, WI Micropolitan Statistical Area";75548;75356;75112;74905;74791;74496;74021;73827;73841;73932
32280;"Martin, TN Micropolitan Statistical Area";34894;34351;34208;33944;33544;33542;33336;33231;33379;33459
32300;"Martinsville, VA Micropolitan Statistical Area";73278;72750;72155;71679;71103;70616;70396;70132;70033;69523
32340;"Maryville, MO Micropolitan Statistical Area";21875;21940;21992;21936;22004;22055;22014;22051;22041;22130
32380;"Mason City, IA Micropolitan Statistical Area";54249;53545;53057;52861;52362;52036;51666;51538;51345;51150
32460;"Mayfield, KY Micropolitan Statistical Area";37083;36994;36980;37168;37144;37353;37373;37562;37573;37719
32500;"Maysville, KY Micropolitan Statistical Area";30910;30782;30510;30350;30513;30629;30962;31136;31214;31130
32540;"McAlester, OK Micropolitan Statistical Area";43948;43349;43767;43688;43639;43910;44249;44423;44776;45211
32620;"McComb, MS Micropolitan Statistical Area";52560;52205;52073;51903;51812;51978;53420;53103;53121;52872
32660;"McMinnville, TN Micropolitan Statistical Area";38404;38682;38691;39072;39184;39372;39652;39910;40162;40481
32700;"McPherson, KS Micropolitan Statistical Area";29571;29481;29211;29171;29174;29228;28986;29027;28814;28866
32740;"Meadville, PA Micropolitan Statistical Area";90348;90115;89950;89616;89382;89042;88972;88990;88524;88521
32860;"Menomonie, WI Micropolitan Statistical Area";39952;40530;40785;40947;41329;41540;42304;42556;42714;42968
32940;"Meridian, MS Micropolitan Statistical Area";106445;105897;105730;105631;105173;104672;104493;105334;105851;106139
32980;"Merrill, WI Micropolitan Statistical Area";29701;29643;29785;29782;29891;29873;29729;29632;29521;29404
33020;"Mexico, MO Micropolitan Statistical Area";25807;25721;25801;25741;25544;25798;25941;25697;25777;25556
33060;"Miami, OK Micropolitan Statistical Area";33238;33039;32625;32411;32388;32475;32757;32234;31644;31629
33180;"Middlesborough, KY Micropolitan Statistical Area";30041;29624;29784;29579;29402;29271;29127;29027;29066;28972
33220;"Midland, MI Micropolitan Statistical Area";82994;83516;83449;83578;83473;83179;82802;82596;82567;82548
33300;"Milledgeville, GA Micropolitan Statistical Area";54794;54702;54790;54763;54970;55148;55185;56144;56474;55556
33380;"Minden, LA Micropolitan Statistical Area";41709;41314;41243;40898;40844;40817;40869;40742;40625;40544
33420;"Mineral Wells, TX Micropolitan Statistical Area";27084;27086;27056;27145;27086;27255;27557;27344;27532;27567
33500;"Minot, ND Micropolitan Statistical Area";67225;66088;65361;64928;64982;64298;63817;63566;63504;64412
33580;"Mitchell, SD Micropolitan Statistical Area";21881;22070;22062;22119;22474;22472;22601;22551;22482;22482
33620;"Moberly, MO Micropolitan Statistical Area";24670;24696;24711;25008;25196;25434;25457;25608;25641;25501
33820;"Monroe, WI Micropolitan Statistical Area";33724;33836;34031;34067;34494;34812;35431;35757;36045;36110
33940;"Montrose, CO Micropolitan Statistical Area";33600;34342;35108;35674;36192;37069;38098;39452;40484;41412
33980;"Morehead City, NC Micropolitan Statistical Area";59383;59705;60121;60838;61711;62273;63269;63334;63547;64423
34020;"Morgan City, LA Micropolitan Statistical Area";53256;52528;52189;51898;51541;50871;51569;51163;51005;50815
34140;"Moscow, ID Micropolitan Statistical Area";34884;35554;35599;36085;36664;36984;37375;37295;37857;38046
34180;"Moses Lake, WA Micropolitan Statistical Area";74959;76171;77129;78148;78982;79845;81390;83111;85616;88098
34220;"Moultrie, GA Micropolitan Statistical Area";42132;42289;42706;42801;43275;43342;44101;44718;45410;45596
34260;"Mountain Home, AR Micropolitan Statistical Area";38465;38417;38642;38943;39546;40237;41155;41845;41946;42157
34300;"Mountain Home, ID Micropolitan Statistical Area";29087;29188;29307;28888;29074;28603;28391;28996;29143;28820
34340;"Mount Airy, NC Micropolitan Statistical Area";71294;71657;71900;71981;71672;71857;71965;72126;72388;72496
34380;"Mount Pleasant, MI Micropolitan Statistical Area";63421;63870;64218;65024;65721;66124;66538;66695;66725;67176
34420;"Mount Pleasant, TX Micropolitan Statistical Area";28112;27923;28064;28457;28807;28009;28574;29129;29637;30206
34460;"Mount Sterling, KY Micropolitan Statistical Area";40386;40790;41310;41554;41870;42493;43054;43374;43916;44046
34500;"Mount Vernon, IL Micropolitan Statistical Area";48657;48500;48398;48346;48406;48374;48373;48244;48214;48040
34540;"Mount Vernon, OH Micropolitan Statistical Area";54642;55364;56124;56818;57460;57975;58403;58967;59373;59637
34660;"Murray, KY Micropolitan Statistical Area";34171;34396;34404;34718;35087;35477;35988;36161;36204;36348
34700;"Muscatine, IA Micropolitan Statistical Area";53969;53964;53998;53855;53854;53727;54028;54224;54364;54179
34780;"Muskogee, OK Micropolitan Statistical Area";69412;69506;69508;69950;69903;70210;70431;70686;70750;71412
34860;"Nacogdoches, TX Micropolitan Statistical Area";59258;59615;59508;59900;60525;61064;61938;62569;63351;64117
35020;"Natchez, MS-LA Micropolitan Statistical Area";54426;53679;53097;52394;51225;50654;51254;50542;50106;49711
35060;"Natchitoches, LA Micropolitan Statistical Area";39097;38780;39030;38694;38694;38787;38833;38957;39050;39255
35100;"New Bern, NC Micropolitan Statistical Area";114968;116249;115689;116813;116722;117779;118815;119028;119791;121022
35140;"Newberry, SC Micropolitan Statistical Area";36030;36271;36592;36685;36908;37114;37607;38104;38371;38763
35220;"New Castle, IN Micropolitan Statistical Area";48446;48234;47956;47664;47548;47264;47372;46884;48057;47827
35260;"New Castle, PA Micropolitan Statistical Area";94622;94021;93715;93258;92637;91929;91265;90901;90555;90160
35340;"New Iberia, LA Micropolitan Statistical Area";73234;73277;73345;73390;73399;73599;74481;74810;75020;75101
35420;"New Philadelphia-Dover, OH Micropolitan Statistical Area";91028;91141;91385;91436;91600;91345;91163;91307;91261;91137
35460;"Newport, TN Micropolitan Statistical Area";33630;33670;33982;34287;34455;34708;35079;35393;35804;36047
35500;"Newton, IA Micropolitan Statistical Area";37215;37266;37366;37400;37256;37011;36735;36567;36460;36257
35580;"New Ulm, MN Micropolitan Statistical Area";26876;26897;26837;26629;26502;26079;26051;25926;25748;25603
35700;"Nogales, AZ Micropolitan Statistical Area";38542;38914;39288;39541;40177;41113;42040;42692;43133;43771
35740;"Norfolk, NE Micropolitan Statistical Area";49451;49681;49898;49828;49537;49399;49071;47751;47680;48000
35820;"North Platte, NE Micropolitan Statistical Area";35941;35884;35661;35773;36083;36384;36696;36697;36907;36890
35860;"North Vernon, IN Micropolitan Statistical Area";27691;27874;28031;27848;27987;28067;27975;28131;28045;28043
35900;"North Wilkesboro, NC Micropolitan Statistical Area";65778;66330;66518;66577;66311;66405;66467;66662;66725;66555
35940;"Norwalk, OH Micropolitan Statistical Area";59585;59595;59884;59873;59932;60019;60020;60031;60067;59849
36020;"Oak Harbor, WA Micropolitan Statistical Area";71847;74161;75603;76666;79372;79744;81109;80860;80847;81054
36060;"Oak Hill, WV Micropolitan Statistical Area";47498;47090;46970;47072;46758;46259;46233;46303;46284;46123
36180;"Ocean Pines, MD Micropolitan Statistical Area";46772;47598;48209;48705;48902;48828;49067;49221;49169;49122
36300;"Ogdensburg-Massena, NY Micropolitan Statistical Area";111869;111202;110686;110381;110224;110072;109769;109594;109553;109715
36340;"Oil City, PA Micropolitan Statistical Area";57459;57039;56623;56289;55791;55487;55123;54789;54505;54183
36380;"Okeechobee, FL Micropolitan Statistical Area";35917;36315;36822;37303;38672;39380;39813;40023;40222;40241
36460;"Olean, NY Micropolitan Statistical Area";84017;83297;83126;82968;82366;81389;80578;80253;79835;79689
36580;"Oneonta, NY Micropolitan Statistical Area";61669;61680;61776;62126;62426;62474;62348;62194;61811;61602
36620;"Ontario, OR-ID Micropolitan Statistical Area";52161;52324;52374;52368;52262;52589;53045;53743;53824;53844
36660;"Opelousas-Eunice, LA Micropolitan Statistical Area";87711;87605;87787;87935;88273;88593;90756;91291;91948;92326
36700;"Orangeburg, SC Micropolitan Statistical Area";91486;91261;91138;90948;90568;90764;89844;90615;90601;90112
36820;"Oskaloosa, IA Micropolitan Statistical Area";22304;22378;22309;22021;22060;22220;22039;22092;22120;22000
36860;"Ottawa-Streator, IL Micropolitan Statistical Area";153064;153201;152567;151500;152207;152389;152914;153333;153485;153206
36900;"Ottumwa, IA Micropolitan Statistical Area";36005;35954;35803;35716;35651;35771;35673;35344;35297;35334
36940;"Owatonna, MN Micropolitan Statistical Area";33805;34189;34374;34725;35142;35580;36057;36359;36594;36775
37020;"Owosso, MI Micropolitan Statistical Area";71707;71927;71976;72133;72613;72223;72211;71749;70841;70006
37060;"Oxford, MS Micropolitan Statistical Area";38764;39122;39543;40669;40984;41316;42845;43302;43688;43975
37140;"Paducah, KY-IL Micropolitan Statistical Area";98681;97898;97634;97376;97329;97542;97551;97788;98163;98609
37220;"Pahrump, NV Micropolitan Statistical Area";32912;33661;34380;35424;37159;39857;42335;44067;44175;44234
37260;"Palatka, FL Micropolitan Statistical Area";70419;70401;71004;71248;72019;72750;73411;73740;73455;72893
37300;"Palestine, TX Micropolitan Statistical Area";55068;54110;54365;55573;55573;56031;56381;56754;56709;57001
37420;"Pampa, TX Micropolitan Statistical Area";23461;22966;22609;22315;22035;22178;22407;22673;22957;22952
37500;"Paragould, AR Micropolitan Statistical Area";37504;37807;38030;38304;38668;39126;39907;40302;40618;40996
37540;"Paris, TN Micropolitan Statistical Area";31122;31169;31258;31052;31077;31294;31399;31517;31751;31876
37580;"Paris, TX Micropolitan Statistical Area";48608;48488;48752;49009;49015;49046;49017;48974;48961;48965
37660;"Parsons, KS Micropolitan Statistical Area";22737;22458;22248;22127;21938;21930;21940;21954;21807;21776
37740;"Payson, AZ Micropolitan Statistical Area";51355;51165;51225;50906;50848;50914;51635;52231;52273;52199
37780;"Pecos, TX Micropolitan Statistical Area";13050;12684;12415;12031;11572;11263;11078;11104;11011;11046
37800;"Pella, IA Micropolitan Statistical Area";32101;32505;32412;32277;32256;32310;32830;32654;32774;32682
37820;"Pendleton-Hermiston, OR Micropolitan Statistical Area";81724;81588;83182;83656;84091;84107;84222;84173;84113;84880
37940;"Peru, IN Micropolitan Statistical Area";36160;36336;36761;36829;36558;36759;36918;36646;36214;36001
38020;"Phoenix Lake-Cedar Ridge, CA Micropolitan Statistical Area";54651;55162;55681;56213;56185;56267;56068;55681;55616;55175
38100;"Picayune, MS Micropolitan Statistical Area";48766;49353;50052;50475;51258;51764;56057;57113;57770;57860
38180;"Pierre, SD Micropolitan Statistical Area";19263;19121;19250;19290;19459;19538;19566;19737;19555;19761
38200;"Pierre Part, LA Micropolitan Statistical Area";23378;23176;23117;23081;23062;22864;23073;23093;23026;22874
38260;"Pittsburg, KS Micropolitan Statistical Area";38233;38396;38276;38537;38539;38493;38684;38744;38871;38869
38380;"Plainview, TX Micropolitan Statistical Area";36581;35799;35460;35342;35971;35707;35733;35646;35179;35408
38420;"Platteville, WI Micropolitan Statistical Area";49534;49500;49197;49223;49224;49108;48680;48996;49097;48965
38460;"Plattsburgh, NY Micropolitan Statistical Area";79897;80248;80525;81066;81380;81690;81905;81865;81699;81618
38500;"Plymouth, IN Micropolitan Statistical Area";45245;45509;45453;45791;46113;46317;46578;46540;46687;46903
38580;"Point Pleasant, WV-OH Micropolitan Statistical Area";57059;57067;57002;56921;56661;56454;56341;56311;56500;56262
38620;"Ponca City, OK Micropolitan Statistical Area";47944;47437;47529;47107;46590;46079;45760;45955;45886;46110
38700;"Pontiac, IL Micropolitan Statistical Area";39651;39634;39111;38572;38462;38236;37997;37983;37834;37777
38740;"Poplar Bluff, MO Micropolitan Statistical Area";40799;40682;40785;40686;40897;41258;41371;41120;41247;41471
38780;"Portales, NM Micropolitan Statistical Area";17985;18298;18532;18579;18645;18817;18844;19044;18749;18817
38820;"Port Angeles, WA Micropolitan Statistical Area";64285;64792;65819;66349;67446;68749;69671;70272;70937;71413
39020;"Portsmouth, OH Micropolitan Statistical Area";79096;78385;77906;77150;76347;76155;76189;76419;76453;76334
39060;"Pottsville, PA Micropolitan Statistical Area";150086;149110;148458;147281;146389;146059;146959;147226;147154;146952
39220;"Price, UT Micropolitan Statistical Area";20354;19691;19745;19665;19438;19180;19242;19666;19605;19989
39260;"Prineville, OR Micropolitan Statistical Area";19318;19876;20064;20400;21165;21670;22476;22760;22892;22566
39420;"Pullman, WA Micropolitan Statistical Area";40725;40579;41050;40751;41248;41694;41473;41084;42027;42689
39500;"Quincy, IL-MO Micropolitan Statistical Area";78721;78418;78087;77406;76867;76802;76949;76837;76782;76845
39700;"Raymondville, TX Micropolitan Statistical Area";20047;19818;19823;19857;20030;20316;20378;20347;20382;20395
39780;"Red Bluff, CA Micropolitan Statistical Area";56136;56474;57000;57933;58784;59587;60374;60764;61143;61138
39860;"Red Wing, MN Micropolitan Statistical Area";44155;44556;44890;44939;45229;45222;45450;45721;45794;45836
39940;"Rexburg, ID Micropolitan Statistical Area";39254;39973;41589;43297;46003;47494;49016;49756;50886;51131
39980;"Richmond, IN Micropolitan Statistical Area";71017;70527;70163;69910;69311;68843;68532;68100;67727;67552
40080;"Richmond-Berea, KY Micropolitan Statistical Area";87944;89171;90361;91742;93507;95672;97274;97846;98914;99762
40100;"Rio Grande City-Roma, TX Micropolitan Statistical Area";53818;54565;55862;57317;58668;59266;60240;60949;61552;62671
40180;"Riverton, WY Micropolitan Statistical Area";35817;35606;35801;35800;35943;36277;36739;37368;38057;38719
40260;"Roanoke Rapids, NC Micropolitan Statistical Area";79292;78549;77981;77469;76762;76495;76003;75875;75553;74718
40300;"Rochelle, IL Micropolitan Statistical Area";51161;51620;52138;52808;53358;53935;54621;55023;55289;55336
40460;"Rockingham, NC Micropolitan Statistical Area";46545;46328;46501;46116;45963;45982;45817;45940;46028;45970
40500;"Rockland, ME Micropolitan Statistical Area";39684;39970;40444;40659;40856;40984;40901;40882;40917;40801
40540;"Rock Springs, WY Micropolitan Statistical Area";37484;36566;36831;36559;36854;37266;37948;39320;39942;41226
40620;"Rolla, MO Micropolitan Statistical Area";39882;39925;40658;41095;41555;41995;42420;42451;42132;42248
40700;"Roseburg, OR Micropolitan Statistical Area";100423;100069;100579;101307;102010;102817;103685;103688;103529;103205
40740;"Roswell, NM Micropolitan Statistical Area";61297;60824;60484;60757;60822;61321;61456;62429;62998;63622
40760;"Ruidoso, NM Micropolitan Statistical Area";19535;19442;19621;20123;20482;20741;20926;20832;20925;21016
40780;"Russellville, AR Micropolitan Statistical Area";75663;76132;76537;76732;77563;78529;80132;81046;81960;82710
40820;"Ruston, LA Micropolitan Statistical Area";57891;57558;57200;57544;57880;57708;57765;57770;57969;58349
40860;"Rutland, VT Micropolitan Statistical Area";63423;63294;63246;63440;63419;63508;63484;63312;63214;63014
40940;"Safford, AZ Micropolitan Statistical Area";42083;41588;40826;40166;39748;39921;40751;42496;44262;45086
41220;"St. Marys, GA Micropolitan Statistical Area";43758;44515;45609;44477;45215;45798;45601;47365;47973;48277
41260;"St. Marys, PA Micropolitan Statistical Area";35035;34757;34362;34046;33710;33225;32823;32638;32274;32011
41460;"Salina, KS Micropolitan Statistical Area";59835;59989;60136;59829;59842;59886;59904;60075;60102;60338
41580;"Salisbury, NC Micropolitan Statistical Area";130686;132178;133347;133261;133116;133644;135418;137337;139739;140798
41820;"Sanford, NC Micropolitan Statistical Area";49434;51202;51724;52894;54417;55441;56704;57836;59135;60477
42300;"Sault Ste. Marie, MI Micropolitan Statistical Area";38599;38459;38620;38582;38499;38594;38585;38805;38786;38731
42380;"Sayre, PA Micropolitan Statistical Area";62760;62496;62326;61952;61803;61747;61441;61347;61209;61131
42420;"Scottsbluff, NE Micropolitan Statistical Area";37788;37342;37348;37230;37033;37018;36975;37101;37298;37512
42460;"Scottsboro, AL Micropolitan Statistical Area";54029;53972;53648;53483;53217;52923;52998;52796;52934;52838
42500;"Scottsburg, IN Micropolitan Statistical Area";23034;23269;23257;23455;23395;23596;23637;23751;23624;23624
42580;"Seaford, DE Micropolitan Statistical Area";157389;160235;163717;167764;171370;175694;180508;185020;189662;192747
42620;"Searcy, AR Micropolitan Statistical Area";67405;68339;68878;69446;70457;71435;72781;73667;74970;76338
42700;"Sebring, FL Micropolitan Statistical Area";87407;88459;89822;90700;92752;95174;97265;98512;99034;98704
42740;"Sedalia, MO Micropolitan Statistical Area";39441;39487;39407;39485;39626;40127;40538;40794;41065;41421
42780;"Selinsgrove, PA Micropolitan Statistical Area";37537;37744;37795;37891;37954;37774;38159;38380;38473;38519
42820;"Selma, AL Micropolitan Statistical Area";46181;45910;44944;44504;43927;43358;43050;42780;42627;41925
42860;"Seneca, SC Micropolitan Statistical Area";66415;66929;67713;68146;68613;69292;69947;70687;71093;71514
42900;"Seneca Falls, NY Micropolitan Statistical Area";33343;34635;34730;34712;34640;34318;34201;34276;34060;34049
42940;"Sevierville, TN Micropolitan Statistical Area";71701;73218;74398;75636;77311;79607;82075;83952;85361;86243
42980;"Seymour, IN Micropolitan Statistical Area";41402;41380;41428;41530;41613;41933;42042;42120;42199;42362
43060;"Shawnee, OK Micropolitan Statistical Area";65675;66271;66614;67544;67405;67707;68162;69170;69464;70274
43140;"Shelby, NC Micropolitan Statistical Area";96461;97096;97435;97638;97649;97400;97640;98307;99034;99274
43180;"Shelbyville, TN Micropolitan Statistical Area";37822;38538;39185;40002;40981;42147;43444;44531;45384;45947
43220;"Shelton, WA Micropolitan Statistical Area";49554;49994;50701;51564;52771;53884;55265;56823;57717;58016
43260;"Sheridan, WY Micropolitan Statistical Area";26591;26646;26871;26962;26985;27121;27476;27947;28601;29163
43320;"Show Low, AZ Micropolitan Statistical Area";97876;98549;101358;103220;105020;106968;109000;110999;112348;112975
43380;"Sidney, OH Micropolitan Statistical Area";47988;48276;48259;48301;48296;48501;48524;48690;48853;48990
43420;"Sierra Vista-Douglas, AZ Micropolitan Statistical Area";118028;118573;119750;121175;123235;125637;126751;127736;128425;129518
43460;"Sikeston, MO Micropolitan Statistical Area";40389;40416;40273;40398;40431;40620;40702;40825;40764;40855
43500;"Silver City, NM Micropolitan Statistical Area";30892;30711;30195;29500;29054;29296;29534;29890;29993;29903
43540;"Silverthorne, CO Micropolitan Statistical Area";23701;24715;24966;25313;25177;25287;25745;26234;26724;27239
43660;"Snyder, TX Micropolitan Statistical Area";16240;15746;15864;15728;15871;15790;15898;16039;16022;16222
43700;"Somerset, KY Micropolitan Statistical Area";56336;56655;57108;57576;58284;58834;59431;59946;60623;60853
43740;"Somerset, PA Micropolitan Statistical Area";79998;79412;79411;79380;78923;78418;78140;77735;77302;76953
43860;"Southern Pines-Pinehurst, NC Micropolitan Statistical Area";75195;76311;77579;78409;79482;80790;82718;84703;86031;87158
43940;"Spearfish, SD Micropolitan Statistical Area";21763;21705;21696;22016;22459;22698;22945;23292;23362;23498
43980;"Spencer, IA Micropolitan Statistical Area";17372;17255;17071;16957;16916;16784;16732;16629;16617;16617
44020;"Spirit Lake, IA Micropolitan Statistical Area";16461;16473;16343;16318;16478;16608;16621;16586;16644;16623
44260;"Starkville, MS Micropolitan Statistical Area";43041;42826;42387;42223;42143;42443;43203;43891;44070;44544
44340;"Statesboro, GA Micropolitan Statistical Area";56223;57019;57683;59694;61274;63548;64860;66412;67795;69213
44380;"Statesville-Mooresville, NC Micropolitan Statistical Area";123617;127141;130315;132950;136282;140142;146380;151442;155613;158153
44420;"Staunton-Waynesboro, VA Micropolitan Statistical Area";109216;109516;110576;110915;112076;113469;115408;116939;117709;118147
44500;"Stephenville, TX Micropolitan Statistical Area";33052;32877;33315;33641;34226;34490;35319;35482;35793;36184
44540;"Sterling, CO Micropolitan Statistical Area";20647;21271;21229;21286;21122;20849;20895;20908;20718;20772
44580;"Sterling, IL Micropolitan Statistical Area";60631;60557;60092;59546;59433;59175;59135;58972;59050;58961
44620;"Stevens Point, WI Micropolitan Statistical Area";67252;67341;67485;67436;67402;67566;67917;68534;68977;69176
44660;"Stillwater, OK Micropolitan Statistical Area";68259;71437;72926;74873;76044;76144;79741;78326;78733;79727
44740;"Storm Lake, IA Micropolitan Statistical Area";20352;20194;20142;19990;19800;19713;19604;19455;19491;19601
44780;"Sturgis, MI Micropolitan Statistical Area";62518;62471;62233;62428;62351;62356;62337;62408;62273;61723
44860;"Sulphur Springs, TX Micropolitan Statistical Area";32015;32178;32266;32493;32881;33103;33470;34023;34145;34581
44900;"Summerville, GA Micropolitan Statistical Area";25495;25819;25922;26276;25910;25956;26168;26870;26845;26619
44980;"Sunbury, PA Micropolitan Statistical Area";94472;93534;93063;92585;92057;91561;91190;91148;91220;91311
45000;"Susanville, CA Micropolitan Statistical Area";33749;33503;33300;33695;34102;34037;34078;35005;34547;34473
45020;"Sweetwater, TX Micropolitan Statistical Area";15749;15338;15048;15010;14871;14599;14590;14580;14909;14917
45140;"Tahlequah, OK Micropolitan Statistical Area";42674;43032;43518;43853;44129;44408;45036;45065;45667;46029
45180;"Talladega-Sylacauga, AL Micropolitan Statistical Area";80338;80291;80247;79776;79746;79902;80124;80186;80495;80242
45260;"Tallulah, LA Micropolitan Statistical Area";13707;13394;13027;12617;12255;12086;11942;11796;11739;11385
45340;"Taos, NM Micropolitan Statistical Area";30062;30104;30591;30914;31157;31200;31392;31614;31508;31507
45380;"Taylorville, IL Micropolitan Statistical Area";35354;35152;35022;34944;35010;34786;34642;34566;34467;34253
45520;"The Dalles, OR Micropolitan Statistical Area";23818;23695;23487;23563;23400;23412;23543;23734;23820;24149
45580;"Thomaston, GA Micropolitan Statistical Area";27617;27711;27580;27619;27515;27492;27430;27547;27484;27551
45620;"Thomasville, GA Micropolitan Statistical Area";42815;42880;42916;43427;43366;44273;44764;45301;45849;46188
45640;"Thomasville-Lexington, NC Micropolitan Statistical Area";147664;149217;150395;151385;152324;153081;154470;156042;157991;158582
45660;"Tiffin, OH Micropolitan Statistical Area";58607;58310;57934;57738;57511;57217;56882;56739;56564;56152
45700;"Tifton, GA Micropolitan Statistical Area";38445;38550;38949;39270;40012;40481;41516;42152;42554;42959
45740;"Toccoa, GA Micropolitan Statistical Area";25476;25564;25586;25336;25146;25074;25155;25214;25566;25700
45860;"Torrington, CT Micropolitan Statistical Area";182628;183987;185656;186795;187772;187822;188393;188465;188647;188728
45900;"Traverse City, MI Micropolitan Statistical Area";132029;134722;136138;137816;138922;139881;141103;141843;142319;142350
45980;"Troy, AL Micropolitan Statistical Area";29734;29631;29279;29413;29727;29685;29975;30186;30371;30461
46020;"Truckee-Grass Valley, CA Micropolitan Statistical Area";92503;93594;94412;95195;95974;96554;96772;96942;97297;97751
46100;"Tullahoma, TN Micropolitan Statistical Area";93286;93971;94888;95494;96207;97148;98273;98972;99476;99927
46180;"Tupelo, MS Micropolitan Statistical Area";125584;126473;126726;127964;128557;129393;130879;131901;133063;134161
46260;"Tuskegee, AL Micropolitan Statistical Area";24075;23980;23651;23470;23041;22736;22544;22258;22195;21789
46300;"Twin Falls, ID Micropolitan Statistical Area";82772;82920;83840;85480;86863;88471;90843;92917;94808;96558
46380;"Ukiah, CA Micropolitan Statistical Area";86396;86614;86911;87415;87092;86803;85959;85560;85786;86040
46420;"Union, SC Micropolitan Statistical Area";29880;29543;29252;28881;28460;28235;28055;27706;27644;27362
46460;"Union City, TN-KY Micropolitan Statistical Area";40184;40058;39798;39586;39366;38949;38485;38437;38523;38245
46500;"Urbana, OH Micropolitan Statistical Area";38925;38968;39134;39155;39237;39195;39531;39589;39718;39713
46620;"Uvalde, TX Micropolitan Statistical Area";25924;26005;26423;26391;26388;26586;26561;26548;26611;26811
46740;"Valley, AL Micropolitan Statistical Area";36593;36281;35952;35626;35387;35173;34822;34731;34473;34320
46780;"Van Wert, OH Micropolitan Statistical Area";29630;29393;29251;29154;29145;29035;29070;28893;28735;28496
46820;"Vermillion, SD Micropolitan Statistical Area";13498;13570;13413;13396;13261;13278;13332;13458;13597;13490
46860;"Vernal, UT Micropolitan Statistical Area";25253;25697;26173;26180;26466;26978;27803;28917;29834;31536
46900;"Vernon, TX Micropolitan Statistical Area";14638;14362;14273;14084;13887;13918;13907;13747;13512;13541
46980;"Vicksburg, MS Micropolitan Statistical Area";49581;49247;49029;48793;48904;48604;49164;48893;48145;48175
47080;"Vidalia, GA Micropolitan Statistical Area";34373;34574;34635;34947;35377;35768;36306;36753;36983;36889
47180;"Vincennes, IN Micropolitan Statistical Area";39193;38846;38774;38429;38419;38176;37963;37854;37948;37907
47340;"Wabash, IN Micropolitan Statistical Area";34977;34626;34357;34109;33863;33476;33274;32929;32781;32558
47420;"Wahpeton, ND-MN Micropolitan Statistical Area";25064;24559;24299;24398;24066;23793;23243;22987;22730;22331
47460;"Walla Walla, WA Micropolitan Statistical Area";55227;55218;55903;56416;57035;57021;57236;57509;58149;59059
47500;"Walterboro, SC Micropolitan Statistical Area";38333;38427;38606;38729;38895;38990;38911;39146;39349;39246
47540;"Wapakoneta, OH Micropolitan Statistical Area";46589;46566;46391;46310;46388;46626;46512;46513;46748;46699
47620;"Warren, PA Micropolitan Statistical Area";43785;43526;42966;42523;42155;41554;41153;41003;40776;40638
47660;"Warrensburg, MO Micropolitan Statistical Area";48481;49310;49884;50538;51212;51473;51687;52009;52161;52657
47700;"Warsaw, IN Micropolitan Statistical Area";74222;74751;74739;74924;75105;75475;75801;76260;76444;76499
47780;"Washington, IN Micropolitan Statistical Area";29828;29632;29659;29817;29938;30010;29958;30120;30318;30620
47820;"Washington, NC Micropolitan Statistical Area";44997;45014;45026;45080;45161;45463;45891;45853;46343;46414
47920;"Washington Court House, OH Micropolitan Statistical Area";28434;28170;28152;28133;28078;28212;28227;28272;28198;28117
47980;"Watertown, SD Micropolitan Statistical Area";31448;31440;31416;31372;31337;31396;31627;31920;31880;31922
48020;"Watertown-Fort Atkinson, WI Micropolitan Statistical Area";75928;76338;76678;77092;77972;78650;79270;80006;80580;80833
48060;"Watertown-Fort Drum, NY Micropolitan Statistical Area";111494;111841;113936;113353;114424;116982;117162;117957;117157;118719
48100;"Wauchula, FL Micropolitan Statistical Area";26911;26679;27284;27416;27657;27846;28192;28832;29135;29415
48180;"Waycross, GA Micropolitan Statistical Area";51136;51250;51141;51399;51628;52051;52950;53782;54160;54494
48460;"West Plains, MO Micropolitan Statistical Area";37232;37104;37168;37327;37532;38066;38309;38540;38968;38921
48500;"West Point, MS Micropolitan Statistical Area";21972;21797;21839;21362;21394;21104;20986;20876;20716;20722
48580;"Whitewater, WI Micropolitan Statistical Area";92431;93423;95154;96637;97496;99000;99973;100239;100538;100593
48740;"Willimantic, CT Micropolitan Statistical Area";109196;109812;110950;112393;113944;115172;116232;116660;117311;117518
48780;"Williston, ND Micropolitan Statistical Area";19652;19430;19416;19256;19144;19136;19272;19566;19797;20451
48820;"Willmar, MN Micropolitan Statistical Area";41144;41179;40883;41053;41041;40936;40861;40870;40959;41123
48940;"Wilmington, OH Micropolitan Statistical Area";40660;40912;41220;41441;41798;42063;42837;42990;43152;43058
48980;"Wilson, NC Micropolitan Statistical Area";73933;73931;74662;74837;75024;75414;75746;76622;77692;78353
49060;"Winfield, KS Micropolitan Statistical Area";36252;35752;36051;35384;35121;34459;34055;34139;33988;33634
49100;"Winona, MN Micropolitan Statistical Area";50037;49822;49506;49474;49309;49570;49497;49699;49590;49436
49260;"Woodward, OK Micropolitan Statistical Area";18427;18317;18382;18416;18720;18849;19016;19595;19729;19959
49300;"Wooster, OH Micropolitan Statistical Area";111664;112109;112576;112826;112954;113209;113804;113748;114156;114222
49380;"Worthington, MN Micropolitan Statistical Area";20777;20747;20479;20386;20262;20248;20069;20090;20425;20558
49460;"Yankton, SD Micropolitan Statistical Area";21606;21471;21482;21529;21670;21617;21658;21710;21883;21986
49540;"Yazoo City, MS Micropolitan Statistical Area";28128;27770;27677;27804;27788;27839;28740;28609;28311;27981
49780;"Zanesville, OH Micropolitan Statistical Area";84707;84689;85064;85079;85137;85115;85321;85190;84986;84884
